subjectid,gender,correct_answers
"[3, 101, 102, 106, 338, 342]",1,27
"[3, 101, 102, 106, 338, 342]",2,17
"[3, 101, 102, 116, 338, 342]",1,19
"[3, 101, 102, 116, 338, 342]",2,7
"[3, 101, 102, 338, 339]",1,32
"[3, 101, 102, 338, 339]",2,15
"[3, 101, 102, 338]",1,2003
"[3, 101, 102, 338]",2,1786
"[3, 101, 103, 338]",1,412
"[3, 101, 103, 338]",2,344
"[3, 101, 104, 338, 339, 342]",1,33
"[3, 101, 104, 338, 339, 342]",2,21
"[3, 101, 104, 342]",1,207
"[3, 101, 104, 342]",2,207
"[3, 101, 105, 107, 109, 116, 342]",1,13
"[3, 101, 105, 107, 109, 116, 342]",2,18
"[3, 101, 105, 342]",1,161
"[3, 101, 105, 342]",2,127
"[3, 101, 106, 338, 340, 342]",1,24
"[3, 101, 106, 338, 340, 342]",2,23
"[3, 101, 106, 342]",1,1020
"[3, 101, 106, 342]",2,674
"[3, 101, 107, 342]",1,323
"[3, 101, 107, 342]",2,230
"[3, 101, 108, 342]",1,524
"[3, 101, 108, 342]",2,488
"[3, 101, 109, 342]",1,857
"[3, 101, 109, 342]",2,431
"[3, 101, 110, 348]",1,335
"[3, 101, 110, 348]",2,370
"[3, 101, 111, 348, 349]",1,32
"[3, 101, 111, 348, 349]",2,19
"[3, 101, 111, 348]",1,1250
"[3, 101, 111, 348]",2,1386
"[3, 101, 112, 348, 349]",1,26
"[3, 101, 112, 348, 349]",2,23
"[3, 101, 112, 348]",1,112
"[3, 101, 112, 348]",2,172
"[3, 101, 113, 1188]",1,129
"[3, 101, 113, 1188]",2,100
"[3, 101, 113, 336]",1,198
"[3, 101, 113, 336]",2,182
"[3, 101, 113, 337]",1,428
"[3, 101, 113, 337]",2,389
"[3, 101, 114, 338]",1,103
"[3, 101, 114, 338]",2,113
"[3, 101, 115, 342]",1,1042
"[3, 101, 115, 342]",2,1318
"[3, 101, 116, 342]",1,654
"[3, 101, 116, 342]",2,170
"[3, 101, 117, 342]",1,498
"[3, 101, 117, 342]",2,450
"[3, 101, 118, 342, 344]",2,0
"[3, 101, 118, 342]",1,257
"[3, 101, 118, 342]",2,239
"[3, 101, 338, 339]",1,81
"[3, 101, 338, 339]",2,107
"[3, 101, 338, 340]",1,113
"[3, 101, 338, 340]",2,152
"[3, 101, 338, 341]",1,31
"[3, 101, 338, 341]",2,26
"[3, 101, 342, 1650]",1,298
"[3, 101, 342, 1650]",2,327
"[3, 101, 342, 343]",1,60
"[3, 101, 342, 343]",2,62
"[3, 101, 342, 344, 348, 353]",1,22
"[3, 101, 342, 344, 348, 353]",2,20
"[3, 101, 342, 344]",1,141
"[3, 101, 342, 344]",2,149
"[3, 101, 348, 349]",1,469
"[3, 101, 348, 349]",2,653
"[3, 101, 348, 350]",1,371
"[3, 101, 348, 350]",2,422
"[3, 101, 348, 353]",1,367
"[3, 101, 348, 353]",2,477
"[3, 119, 146, 434]",1,100
"[3, 119, 146, 434]",2,106
"[3, 119, 146, 436]",1,56
"[3, 119, 146, 436]",2,41
"[3, 119, 146, 437]",1,59
"[3, 119, 146, 437]",2,40
"[3, 32, 101, 144, 348, 349, 1636]",1,20
"[3, 32, 101, 144, 348, 349, 1636]",2,23
"[3, 32, 141, 144, 202, 213, 216]",1,62
"[3, 32, 141, 144, 202, 213, 216]",2,63
"[3, 32, 141, 144, 202, 213]",1,177
"[3, 32, 141, 144, 202, 213]",2,181
"[3, 32, 141, 144, 204, 213, 216]",1,98
"[3, 32, 141, 144, 204, 213, 216]",2,102
"[3, 32, 141, 213]",1,1413
"[3, 32, 141, 213]",2,1474
"[3, 32, 141, 214, 215]",1,86
"[3, 32, 141, 214, 215]",2,76
"[3, 32, 141, 214]",1,601
"[3, 32, 141, 214]",2,478
"[3, 32, 141, 215, 216]",1,88
"[3, 32, 141, 215, 216]",2,58
"[3, 32, 141, 215]",1,553
"[3, 32, 141, 215]",2,482
"[3, 32, 141, 216]",1,1088
"[3, 32, 141, 216]",2,884
"[3, 32, 144, 1636]",1,239
"[3, 32, 144, 1636]",2,224
"[3, 32, 144, 1676]",1,144
"[3, 32, 144, 1676]",2,130
"[3, 32, 144, 200]",1,51
"[3, 32, 144, 200]",2,45
"[3, 32, 144, 202, 204]",1,165
"[3, 32, 144, 202, 204]",2,136
"[3, 32, 144, 202]",1,6539
"[3, 32, 144, 202]",2,6569
"[3, 32, 144, 203, 204]",1,808
"[3, 32, 144, 203, 204]",2,874
"[3, 32, 144, 203]",1,4607
"[3, 32, 144, 203]",2,4272
"[3, 32, 144, 204]",1,5309
"[3, 32, 144, 204]",2,4908
"[3, 32, 144, 205, 206]",1,327
"[3, 32, 144, 205, 206]",2,261
"[3, 32, 144, 205]",1,572
"[3, 32, 144, 205]",2,518
"[3, 32, 144, 206]",1,686
"[3, 32, 144, 206]",2,696
"[3, 32, 144, 207]",1,2090
"[3, 32, 144, 207]",2,1784
"[3, 32, 144, 208]",1,1873
"[3, 32, 144, 208]",2,1649
"[3, 32, 33, 144, 204]",1,83
"[3, 32, 33, 144, 204]",2,73
"[3, 32, 33, 144]",1,3748
"[3, 32, 33, 144]",2,3444
"[3, 32, 33, 39, 144, 230, 231]",1,3
"[3, 32, 33, 39, 144, 230, 231]",2,1
"[3, 32, 33, 40, 144, 245]",1,157
"[3, 32, 33, 40, 144, 245]",2,148
"[3, 32, 33, 49, 62, 64, 70, 144, 154]",1,3
"[3, 32, 33, 49, 62, 64, 70, 144, 154]",2,1
"[3, 32, 33, 49, 67, 144, 156]",1,67
"[3, 32, 33, 49, 67, 144, 156]",2,62
"[3, 32, 331, 332]",1,132
"[3, 32, 331, 332]",2,159
"[3, 32, 34, 141, 214]",1,42
"[3, 32, 34, 141, 214]",2,35
"[3, 32, 34, 141]",1,718
"[3, 32, 34, 141]",2,634
"[3, 32, 35, 217]",1,67
"[3, 32, 35, 217]",2,143
"[3, 32, 35, 218]",1,12
"[3, 32, 35, 218]",2,13
"[3, 32, 36, 141, 213, 214, 215, 222]",1,59
"[3, 32, 36, 141, 213, 214, 215, 222]",2,49
"[3, 32, 36, 141, 215, 224]",1,83
"[3, 32, 36, 141, 215, 224]",2,82
"[3, 32, 36, 144, 202, 224]",1,4
"[3, 32, 36, 144, 202, 224]",2,2
"[3, 32, 36, 222, 224]",1,17
"[3, 32, 36, 222, 224]",2,24
"[3, 32, 36, 222]",1,781
"[3, 32, 36, 222]",2,789
"[3, 32, 36, 223]",1,1849
"[3, 32, 36, 223]",2,1433
"[3, 32, 36, 224]",1,1203
"[3, 32, 36, 224]",2,1085
"[3, 32, 36, 38, 39, 223, 230, 237]",1,39
"[3, 32, 36, 38, 39, 223, 230, 237]",2,25
"[3, 32, 36, 38, 44, 224, 233, 234, 239]",1,13
"[3, 32, 36, 38, 44, 224, 233, 234, 239]",2,3
"[3, 32, 36, 38, 44, 224, 234, 239]",1,8
"[3, 32, 36, 38, 44, 224, 234, 239]",2,4
"[3, 32, 36, 39, 144, 203, 204, 222, 228]",1,3
"[3, 32, 36, 39, 144, 203, 204, 222, 228]",2,4
"[3, 32, 36, 39, 224, 225, 231, 232]",1,76
"[3, 32, 36, 39, 224, 225, 231, 232]",2,57
"[3, 32, 36, 39, 44, 49, 59, 165, 222, 230, 233]",1,10
"[3, 32, 36, 39, 44, 49, 59, 165, 222, 230, 233]",2,9
"[3, 32, 36, 42, 144, 202, 210, 222]",1,50
"[3, 32, 36, 42, 144, 202, 210, 222]",2,48
"[3, 32, 36, 42, 210, 222]",1,23
"[3, 32, 36, 42, 210, 222]",2,20
"[3, 32, 36, 42, 49, 59, 165, 210, 222]",1,45
"[3, 32, 36, 42, 49, 59, 165, 210, 222]",2,43
"[3, 32, 37, 144, 204, 219, 221]",1,39
"[3, 32, 37, 144, 204, 219, 221]",2,27
"[3, 32, 37, 219, 220, 221]",2,1
"[3, 32, 37, 219, 220]",1,109
"[3, 32, 37, 219, 220]",2,102
"[3, 32, 37, 219, 221]",1,161
"[3, 32, 37, 219, 221]",2,142
"[3, 32, 37, 219]",1,1754
"[3, 32, 37, 219]",2,1522
"[3, 32, 37, 220, 221]",1,87
"[3, 32, 37, 220, 221]",2,81
"[3, 32, 37, 220]",1,2206
"[3, 32, 37, 220]",2,1804
"[3, 32, 37, 221]",1,2294
"[3, 32, 37, 221]",2,2130
"[3, 32, 38, 1082]",1,406
"[3, 32, 38, 1082]",2,356
"[3, 32, 38, 144, 202, 237]",1,93
"[3, 32, 38, 144, 202, 237]",2,70
"[3, 32, 38, 237, 238, 239]",1,303
"[3, 32, 38, 237, 238, 239]",2,290
"[3, 32, 38, 237, 238]",1,265
"[3, 32, 38, 237, 238]",2,340
"[3, 32, 38, 237, 239]",1,30
"[3, 32, 38, 237, 239]",2,40
"[3, 32, 38, 237]",1,2474
"[3, 32, 38, 237]",2,2820
"[3, 32, 38, 238, 239]",1,89
"[3, 32, 38, 238, 239]",2,125
"[3, 32, 38, 238]",1,866
"[3, 32, 38, 238]",2,869
"[3, 32, 38, 239]",1,800
"[3, 32, 38, 239]",2,841
"[3, 32, 38, 39, 144, 202, 227, 237]",1,48
"[3, 32, 38, 39, 144, 202, 227, 237]",2,28
"[3, 32, 38, 39, 228, 237]",1,11
"[3, 32, 38, 39, 228, 237]",2,5
"[3, 32, 38, 39, 230, 237]",1,55
"[3, 32, 38, 39, 230, 237]",2,47
"[3, 32, 38, 39, 42, 210, 226, 239]",1,13
"[3, 32, 38, 39, 42, 210, 226, 239]",2,4
"[3, 32, 38, 42, 210, 237]",1,22
"[3, 32, 38, 42, 210, 237]",2,15
"[3, 32, 38, 44, 233, 238]",1,17
"[3, 32, 38, 44, 233, 238]",2,25
"[3, 32, 39, 101, 111, 230, 348]",1,13
"[3, 32, 39, 101, 111, 230, 348]",2,11
"[3, 32, 39, 144, 202, 227]",1,12
"[3, 32, 39, 144, 202, 227]",2,13
"[3, 32, 39, 225, 227]",1,336
"[3, 32, 39, 225, 227]",2,398
"[3, 32, 39, 225]",1,5594
"[3, 32, 39, 225]",2,6017
"[3, 32, 39, 226]",1,2143
"[3, 32, 39, 226]",2,2243
"[3, 32, 39, 227]",1,1234
"[3, 32, 39, 227]",2,1072
"[3, 32, 39, 228]",1,1979
"[3, 32, 39, 228]",2,1962
"[3, 32, 39, 229]",1,1361
"[3, 32, 39, 229]",2,1321
"[3, 32, 39, 230, 231, 232]",1,1
"[3, 32, 39, 230, 231, 232]",2,1
"[3, 32, 39, 230, 231]",1,11
"[3, 32, 39, 230, 231]",2,9
"[3, 32, 39, 230, 232]",1,14
"[3, 32, 39, 230, 232]",2,20
"[3, 32, 39, 230]",1,3551
"[3, 32, 39, 230]",2,3594
"[3, 32, 39, 231, 232]",1,80
"[3, 32, 39, 231, 232]",2,72
"[3, 32, 39, 231]",1,1845
"[3, 32, 39, 231]",2,1978
"[3, 32, 39, 232]",1,1251
"[3, 32, 39, 232]",2,1213
"[3, 32, 39, 42, 212, 227]",1,63
"[3, 32, 39, 42, 212, 227]",2,47
"[3, 32, 39, 45, 71, 98, 197, 225, 243]",1,20
"[3, 32, 39, 45, 71, 98, 197, 225, 243]",2,18
"[3, 32, 40, 144, 202, 245]",1,92
"[3, 32, 40, 144, 202, 245]",2,75
"[3, 32, 40, 144, 203, 245]",1,29
"[3, 32, 40, 144, 203, 245]",2,19
"[3, 32, 40, 245, 246, 247]",1,30
"[3, 32, 40, 245, 246, 247]",2,23
"[3, 32, 40, 245]",1,1590
"[3, 32, 40, 245]",2,1558
"[3, 32, 40, 246]",1,838
"[3, 32, 40, 246]",2,819
"[3, 32, 40, 247]",1,2188
"[3, 32, 40, 247]",2,1949
"[3, 32, 40, 47, 101, 102, 338]",1,8
"[3, 32, 40, 47, 101, 102, 338]",2,6
"[3, 32, 40, 47, 101, 338, 341]",2,2
"[3, 32, 40, 47]",1,1870
"[3, 32, 40, 47]",2,2113
"[3, 32, 40, 49, 62, 247, 251, 252]",1,89
"[3, 32, 40, 49, 62, 247, 251, 252]",2,87
"[3, 32, 40, 49, 62, 247, 251]",1,38
"[3, 32, 40, 49, 62, 247, 251]",2,43
"[3, 32, 40, 49, 62, 247, 252, 253]",1,130
"[3, 32, 40, 49, 62, 247, 252, 253]",2,79
"[3, 32, 40, 49, 62, 70, 247, 251]",1,28
"[3, 32, 40, 49, 62, 70, 247, 251]",2,25
"[3, 32, 41, 331]",1,1153
"[3, 32, 41, 331]",2,1091
"[3, 32, 41, 44, 233, 331]",1,39
"[3, 32, 41, 44, 233, 331]",2,26
"[3, 32, 41, 44, 234, 331]",1,47
"[3, 32, 41, 44, 234, 331]",2,33
"[3, 32, 41, 44, 236, 331]",1,10
"[3, 32, 41, 44, 236, 331]",2,7
"[3, 32, 42, 144, 202, 210]",1,29
"[3, 32, 42, 144, 202, 210]",2,21
"[3, 32, 42, 144, 203, 211]",1,30
"[3, 32, 42, 144, 203, 211]",2,29
"[3, 32, 42, 210, 211, 212]",1,46
"[3, 32, 42, 210, 211, 212]",2,33
"[3, 32, 42, 210]",1,2131
"[3, 32, 42, 210]",2,1911
"[3, 32, 42, 211, 212]",1,319
"[3, 32, 42, 211, 212]",2,292
"[3, 32, 42, 211]",1,1470
"[3, 32, 42, 211]",2,1534
"[3, 32, 42, 212]",1,676
"[3, 32, 42, 212]",2,717
"[3, 32, 44, 233, 234]",1,28
"[3, 32, 44, 233, 234]",2,57
"[3, 32, 44, 233]",1,3189
"[3, 32, 44, 233]",2,3769
"[3, 32, 44, 234]",1,1523
"[3, 32, 44, 234]",2,1522
"[3, 32, 44, 235]",1,226
"[3, 32, 44, 235]",2,236
"[3, 32, 44, 236]",1,279
"[3, 32, 44, 236]",2,331
"[3, 32, 44, 71, 98, 195, 233]",1,14
"[3, 32, 44, 71, 98, 195, 233]",2,15
"[3, 32, 44, 71, 98, 209, 233]",1,32
"[3, 32, 44, 71, 98, 209, 233]",2,16
"[3, 32, 45, 243, 244]",1,11
"[3, 32, 45, 243, 244]",2,9
"[3, 32, 45, 243]",1,1210
"[3, 32, 45, 243]",2,1218
"[3, 32, 45, 244]",1,194
"[3, 32, 45, 244]",2,165
"[3, 32, 45, 46, 243, 1647]",1,18
"[3, 32, 45, 46, 243, 1647]",2,28
"[3, 32, 45, 49, 58, 158, 244]",1,35
"[3, 32, 45, 49, 58, 158, 244]",2,13
"[3, 32, 45, 71, 98, 195, 243]",1,84
"[3, 32, 45, 71, 98, 195, 243]",2,69
"[3, 32, 45, 71, 98, 198, 243]",1,18
"[3, 32, 45, 71, 98, 198, 243]",2,14
"[3, 32, 46, 1059]",1,99
"[3, 32, 46, 1059]",2,83
"[3, 32, 46, 1647]",1,149
"[3, 32, 46, 1647]",2,138
"[3, 32, 46, 240, 334]",1,36
"[3, 32, 46, 240, 334]",2,35
"[3, 32, 46, 240]",1,698
"[3, 32, 46, 240]",2,861
"[3, 32, 46, 241]",1,1219
"[3, 32, 46, 241]",2,1263
"[3, 32, 46, 242]",1,588
"[3, 32, 46, 242]",2,515
"[3, 32, 46, 334]",1,908
"[3, 32, 46, 334]",2,1169
"[3, 32, 46, 49, 81, 241, 408]",1,6
"[3, 32, 46, 49, 81, 241, 408]",2,10
"[3, 32, 46, 71, 75, 178, 240]",1,30
"[3, 32, 46, 71, 75, 178, 240]",2,25
"[3, 32, 46, 71, 83, 1181, 1647]",1,65
"[3, 32, 46, 71, 83, 1181, 1647]",2,50
"[3, 32, 46, 71, 83, 272, 273, 1181, 1647]",1,42
"[3, 32, 46, 71, 83, 272, 273, 1181, 1647]",2,33
"[3, 32, 46, 71, 83, 90, 272, 1181, 1647]",1,33
"[3, 32, 46, 71, 83, 90, 272, 1181, 1647]",2,37
"[3, 32, 46, 71, 83, 98, 195, 1181, 1647]",1,66
"[3, 32, 46, 71, 83, 98, 195, 1181, 1647]",2,69
"[3, 32, 46, 71, 98, 198, 240]",1,31
"[3, 32, 46, 71, 98, 198, 240]",2,48
"[3, 32, 48, 248, 249, 250]",1,19
"[3, 32, 48, 248, 249, 250]",2,15
"[3, 32, 48, 248, 249]",1,154
"[3, 32, 48, 248, 249]",2,140
"[3, 32, 48, 248]",1,357
"[3, 32, 48, 248]",2,295
"[3, 32, 48, 249, 250]",1,30
"[3, 32, 48, 249, 250]",2,18
"[3, 32, 48, 249]",1,302
"[3, 32, 48, 249]",2,225
"[3, 32, 48, 250]",1,143
"[3, 32, 48, 250]",2,136
"[3, 32, 49, 58, 158, 331, 332]",1,14
"[3, 32, 49, 58, 158, 331, 332]",2,30
"[3, 32, 49, 59, 144, 165, 203, 204]",1,25
"[3, 32, 49, 59, 144, 165, 203, 204]",2,31
"[3, 32, 49, 69, 141, 154, 215]",1,1
"[3, 32, 71, 75, 141, 178, 215]",1,20
"[3, 32, 71, 75, 141, 178, 215]",2,17
"[3, 32, 71, 98, 144, 198, 202]",1,53
"[3, 32, 71, 98, 144, 198, 202]",2,51
"[3, 32, 71, 98, 144, 199, 202]",1,13
"[3, 32, 71, 98, 144, 199, 202]",2,25
"[3, 49, 152, 335]",1,106
"[3, 49, 152, 335]",2,59
"[3, 49, 153, 254]",1,224
"[3, 49, 153, 254]",2,242
"[3, 49, 153, 256]",1,203
"[3, 49, 153, 256]",2,173
"[3, 49, 154, 649]",1,336
"[3, 49, 154, 649]",2,276
"[3, 49, 156, 157]",1,323
"[3, 49, 156, 157]",2,307
"[3, 49, 158, 1212]",1,98
"[3, 49, 158, 1212]",2,112
"[3, 49, 158, 159]",1,207
"[3, 49, 158, 159]",2,271
"[3, 49, 158, 160]",1,110
"[3, 49, 158, 160]",2,119
"[3, 49, 255, 1077]",1,257
"[3, 49, 255, 1077]",2,249
"[3, 49, 255, 1078]",1,162
"[3, 49, 255, 1078]",2,173
"[3, 49, 255, 1079]",1,37
"[3, 49, 255, 1079]",2,41
"[3, 49, 255, 1080]",1,56
"[3, 49, 255, 1080]",2,67
"[3, 49, 50, 152]",1,1216
"[3, 49, 50, 152]",2,908
"[3, 49, 50, 62, 152, 251]",1,58
"[3, 49, 50, 62, 152, 251]",2,61
"[3, 49, 50, 64, 152, 154]",1,0
"[3, 49, 50, 64, 152, 154]",2,0
"[3, 49, 50, 67, 152, 156]",1,14
"[3, 49, 50, 67, 152, 156]",2,16
"[3, 49, 51, 152]",1,625
"[3, 49, 51, 152]",2,535
"[3, 49, 52, 153]",1,407
"[3, 49, 52, 153]",2,436
"[3, 49, 52, 62, 70, 71, 86, 153, 178]",1,60
"[3, 49, 52, 62, 70, 71, 86, 153, 178]",2,53
"[3, 49, 53, 153, 255, 1077]",1,21
"[3, 49, 53, 153, 255, 1077]",2,22
"[3, 49, 53, 153]",1,688
"[3, 49, 53, 153]",2,748
"[3, 49, 54, 158, 159, 263]",1,23
"[3, 49, 54, 158, 159, 263]",2,34
"[3, 49, 54, 158, 159, 264]",1,44
"[3, 49, 54, 158, 159, 264]",2,60
"[3, 49, 54, 257]",1,472
"[3, 49, 54, 257]",2,465
"[3, 49, 54, 258]",1,220
"[3, 49, 54, 258]",2,229
"[3, 49, 54, 259, 261]",1,50
"[3, 49, 54, 259, 261]",2,54
"[3, 49, 54, 259]",1,240
"[3, 49, 54, 259]",2,253
"[3, 49, 54, 260, 262]",1,33
"[3, 49, 54, 260, 262]",2,35
"[3, 49, 54, 260, 263]",2,1
"[3, 49, 54, 260]",1,363
"[3, 49, 54, 260]",2,336
"[3, 49, 54, 261]",1,35
"[3, 49, 54, 261]",2,59
"[3, 49, 54, 262, 263]",1,7
"[3, 49, 54, 262, 263]",2,8
"[3, 49, 54, 262]",1,75
"[3, 49, 54, 262]",2,63
"[3, 49, 54, 263, 656]",1,6
"[3, 49, 54, 263, 656]",2,6
"[3, 49, 54, 263]",1,120
"[3, 49, 54, 263]",2,112
"[3, 49, 54, 264]",1,247
"[3, 49, 54, 264]",2,230
"[3, 49, 54, 55, 258, 266]",1,8
"[3, 49, 54, 55, 258, 266]",2,12
"[3, 49, 54, 58, 158, 261]",1,8
"[3, 49, 54, 58, 158, 261]",2,16
"[3, 49, 54, 63, 154, 158, 159, 264]",1,0
"[3, 49, 54, 63, 154, 264]",1,21
"[3, 49, 54, 63, 154, 264]",2,23
"[3, 49, 54, 64, 154, 264]",1,27
"[3, 49, 54, 64, 154, 264]",2,38
"[3, 49, 54, 656]",1,51
"[3, 49, 54, 656]",2,45
"[3, 49, 54, 71, 92, 257, 278]",1,6
"[3, 49, 54, 71, 92, 257, 278]",2,2
"[3, 49, 54, 81, 259, 409]",1,21
"[3, 49, 54, 81, 259, 409]",2,25
"[3, 49, 54, 81, 261, 409]",1,27
"[3, 49, 54, 81, 261, 409]",2,27
"[3, 49, 55, 265]",1,414
"[3, 49, 55, 265]",2,443
"[3, 49, 55, 266]",1,300
"[3, 49, 55, 266]",2,328
"[3, 49, 55, 267]",1,140
"[3, 49, 55, 267]",2,139
"[3, 49, 55, 268]",1,84
"[3, 49, 55, 268]",2,97
"[3, 49, 55, 65, 154, 268]",1,72
"[3, 49, 55, 65, 154, 268]",2,46
"[3, 49, 55, 68, 163, 1171]",1,14
"[3, 49, 55, 68, 163, 1171]",2,14
"[3, 49, 55, 68, 163, 266]",1,19
"[3, 49, 55, 68, 163, 266]",2,19
"[3, 49, 56, 158]",1,62
"[3, 49, 56, 158]",2,58
"[3, 49, 56, 68, 158, 163]",1,76
"[3, 49, 56, 68, 158, 163]",2,83
"[3, 49, 56, 68, 158, 164]",1,26
"[3, 49, 56, 68, 158, 164]",2,28
"[3, 49, 57, 158]",1,351
"[3, 49, 57, 158]",2,388
"[3, 49, 57, 68, 158, 163]",1,45
"[3, 49, 57, 68, 158, 163]",2,58
"[3, 49, 58, 158]",1,1015
"[3, 49, 58, 158]",2,1040
"[3, 49, 58, 71, 79, 158, 269]",1,108
"[3, 49, 58, 71, 79, 158, 269]",2,124
"[3, 49, 59, 165]",1,957
"[3, 49, 59, 165]",2,1174
"[3, 49, 59, 166]",1,472
"[3, 49, 59, 166]",2,653
"[3, 49, 59, 167]",1,101
"[3, 49, 59, 167]",2,96
"[3, 49, 59, 168]",1,124
"[3, 49, 59, 168]",2,116
"[3, 49, 60, 156]",1,893
"[3, 49, 60, 156]",2,867
"[3, 49, 60, 67, 156]",1,6
"[3, 49, 60, 67, 156]",2,8
"[3, 49, 60, 71, 100, 156, 1649]",1,7
"[3, 49, 60, 71, 100, 156, 1649]",2,14
"[3, 49, 61, 171, 173]",1,29
"[3, 49, 61, 171, 173]",2,20
"[3, 49, 61, 171]",1,2983
"[3, 49, 61, 171]",2,3216
"[3, 49, 61, 172]",1,292
"[3, 49, 61, 172]",2,276
"[3, 49, 61, 173]",1,999
"[3, 49, 61, 173]",2,1049
"[3, 49, 62, 1081]",1,54
"[3, 49, 62, 1081]",2,45
"[3, 49, 62, 1174]",1,3
"[3, 49, 62, 1174]",2,3
"[3, 49, 62, 251]",1,1789
"[3, 49, 62, 251]",2,1510
"[3, 49, 62, 252, 253]",1,27
"[3, 49, 62, 252, 253]",2,27
"[3, 49, 62, 252]",1,120
"[3, 49, 62, 252]",2,128
"[3, 49, 62, 253, 255, 1077]",1,98
"[3, 49, 62, 253, 255, 1077]",2,94
"[3, 49, 62, 253]",1,82
"[3, 49, 62, 253]",2,54
"[3, 49, 62, 64, 154, 251]",1,29
"[3, 49, 62, 64, 154, 251]",2,40
"[3, 49, 62, 64, 70, 154, 251, 252]",1,1
"[3, 49, 62, 64, 70, 154, 251, 252]",2,7
"[3, 49, 62, 64, 70, 154]",1,213
"[3, 49, 62, 64, 70, 154]",2,243
"[3, 49, 62, 70, 156, 157]",1,4
"[3, 49, 62, 70, 156, 157]",2,12
"[3, 49, 62, 70, 251, 253]",1,128
"[3, 49, 62, 70, 251, 253]",2,126
"[3, 49, 62, 70, 251]",1,252
"[3, 49, 62, 70, 251]",2,209
"[3, 49, 62, 70, 252]",1,20
"[3, 49, 62, 70, 252]",2,18
"[3, 49, 62, 70]",1,1914
"[3, 49, 62, 70]",2,1782
"[3, 49, 63, 154]",1,1551
"[3, 49, 63, 154]",2,1319
"[3, 49, 64, 154, 649]",1,22
"[3, 49, 64, 154, 649]",2,20
"[3, 49, 64, 154]",1,3663
"[3, 49, 64, 154]",2,3557
"[3, 49, 64, 67, 71, 154, 156, 174, 175]",1,17
"[3, 49, 64, 67, 71, 154, 156, 174, 175]",2,23
"[3, 49, 64, 71, 74, 154, 182]",1,3
"[3, 49, 64, 71, 74, 154, 182]",2,3
"[3, 49, 64, 71, 75, 88, 154, 174, 178]",1,4
"[3, 49, 64, 71, 75, 88, 154, 174, 178]",2,4
"[3, 49, 65, 154]",1,885
"[3, 49, 65, 154]",2,749
"[3, 49, 65, 67, 154, 156]",1,2
"[3, 49, 65, 67, 154, 156]",2,1
"[3, 49, 66, 154]",1,18
"[3, 49, 66, 154]",2,19
"[3, 49, 67, 156]",1,2709
"[3, 49, 67, 156]",2,2417
"[3, 49, 67, 71, 75, 156, 178]",1,72
"[3, 49, 67, 71, 75, 156, 178]",2,44
"[3, 49, 68, 1175]",1,82
"[3, 49, 68, 1175]",2,154
"[3, 49, 68, 163]",1,70
"[3, 49, 68, 163]",2,96
"[3, 49, 68, 164]",1,12
"[3, 49, 68, 164]",2,22
"[3, 49, 69, 154]",1,207
"[3, 49, 69, 154]",2,143
"[3, 49, 71, 158, 159, 272, 273]",1,10
"[3, 49, 71, 158, 159, 272, 273]",2,13
"[3, 49, 71, 81, 88, 174, 406]",1,33
"[3, 49, 71, 81, 88, 174, 406]",2,14
"[3, 49, 71, 81, 89, 271, 410]",1,51
"[3, 49, 71, 81, 89, 271, 410]",2,37
"[3, 49, 81, 1180]",1,22
"[3, 49, 81, 1180]",2,15
"[3, 49, 81, 406]",1,1386
"[3, 49, 81, 406]",2,1294
"[3, 49, 81, 408]",1,238
"[3, 49, 81, 408]",2,217
"[3, 49, 81, 409]",1,97
"[3, 49, 81, 409]",2,89
"[3, 49, 81, 410]",1,25
"[3, 49, 81, 410]",2,17
"[3, 71, 100, 1186]",1,13
"[3, 71, 100, 1186]",2,15
"[3, 71, 100, 1648]",1,22
"[3, 71, 100, 1648]",2,19
"[3, 71, 100, 1649]",1,320
"[3, 71, 100, 1649]",2,304
"[3, 71, 100, 176, 188, 657]",1,10
"[3, 71, 100, 176, 188, 657]",2,10
"[3, 71, 100, 176, 657, 1648]",1,10
"[3, 71, 100, 176, 657, 1648]",2,9
"[3, 71, 100, 178, 179, 189]",1,13
"[3, 71, 100, 178, 179, 189]",2,11
"[3, 71, 100, 188, 1186]",1,12
"[3, 71, 100, 188, 1186]",2,10
"[3, 71, 100, 188]",1,337
"[3, 71, 100, 188]",2,342
"[3, 71, 100, 189, 1649]",1,27
"[3, 71, 100, 189, 1649]",2,36
"[3, 71, 100, 189]",1,1275
"[3, 71, 100, 189]",2,1171
"[3, 71, 174, 1213]",1,26
"[3, 71, 174, 1213]",2,15
"[3, 71, 174, 175]",1,212
"[3, 71, 174, 175]",2,191
"[3, 71, 176, 1214]",1,138
"[3, 71, 176, 1214]",2,50
"[3, 71, 176, 177]",1,381
"[3, 71, 176, 177]",2,388
"[3, 71, 176, 657]",1,106
"[3, 71, 176, 657]",2,106
"[3, 71, 178, 179]",1,456
"[3, 71, 178, 179]",2,360
"[3, 71, 178, 655]",1,420
"[3, 71, 178, 655]",2,398
"[3, 71, 272, 1218]",1,9
"[3, 71, 272, 1218]",2,23
"[3, 71, 272, 273]",1,96
"[3, 71, 272, 273]",2,106
"[3, 71, 272, 274]",1,193
"[3, 71, 272, 274]",2,187
"[3, 71, 72, 100, 271, 1649]",1,22
"[3, 71, 72, 100, 271, 1649]",2,17
"[3, 71, 72, 271]",1,145
"[3, 71, 72, 271]",2,118
"[3, 71, 73, 74]",1,694
"[3, 71, 73, 74]",2,599
"[3, 71, 74, 174, 175, 439]",1,25
"[3, 71, 74, 174, 175, 439]",2,15
"[3, 71, 74, 180]",1,490
"[3, 71, 74, 180]",2,519
"[3, 71, 74, 181, 182]",1,33
"[3, 71, 74, 181, 182]",2,18
"[3, 71, 74, 181, 183]",1,83
"[3, 71, 74, 181, 183]",2,43
"[3, 71, 74, 181, 439]",1,139
"[3, 71, 74, 181, 439]",2,162
"[3, 71, 74, 181]",1,1667
"[3, 71, 74, 181]",2,1410
"[3, 71, 74, 182]",1,915
"[3, 71, 74, 182]",2,958
"[3, 71, 74, 183]",1,1966
"[3, 71, 74, 183]",2,1610
"[3, 71, 74, 439]",1,842
"[3, 71, 74, 439]",2,762
"[3, 71, 74, 76]",1,474
"[3, 71, 74, 76]",2,437
"[3, 71, 74, 78]",1,354
"[3, 71, 74, 78]",2,470
"[3, 71, 74, 80, 272, 439]",1,20
"[3, 71, 74, 80, 272, 439]",2,33
"[3, 71, 74, 88, 174, 183]",1,15
"[3, 71, 74, 88, 174, 183]",2,8
"[3, 71, 74, 90, 182, 272]",1,43
"[3, 71, 74, 90, 182, 272]",2,59
"[3, 71, 75, 178]",1,3127
"[3, 71, 75, 178]",2,2795
"[3, 71, 75, 77, 178, 186]",1,6
"[3, 71, 75, 77, 178, 186]",2,8
"[3, 71, 75, 86, 178]",1,261
"[3, 71, 75, 86, 178]",2,222
"[3, 71, 77, 184]",1,454
"[3, 71, 77, 184]",2,455
"[3, 71, 77, 185, 186]",1,73
"[3, 71, 77, 185, 186]",2,37
"[3, 71, 77, 185, 187]",1,21
"[3, 71, 77, 185, 187]",2,16
"[3, 71, 77, 185]",1,502
"[3, 71, 77, 185]",2,503
"[3, 71, 77, 186]",1,874
"[3, 71, 77, 186]",2,721
"[3, 71, 77, 187]",1,265
"[3, 71, 77, 187]",2,282
"[3, 71, 79, 1750]",1,49
"[3, 71, 79, 1750]",2,60
"[3, 71, 79, 269, 692, 698, 700, 1642]",1,52
"[3, 71, 79, 269, 692, 698, 700, 1642]",2,55
"[3, 71, 79, 269]",1,219
"[3, 71, 79, 269]",2,336
"[3, 71, 79, 270]",1,149
"[3, 71, 79, 270]",2,145
"[3, 71, 79, 98, 195, 269]",1,47
"[3, 71, 79, 98, 195, 269]",2,41
"[3, 71, 79, 98, 199, 1179]",1,14
"[3, 71, 79, 98, 199, 1179]",2,11
"[3, 71, 79, 98, 270, 1184, 1750]",1,16
"[3, 71, 79, 98, 270, 1184, 1750]",2,14
"[3, 71, 80, 272, 274]",1,49
"[3, 71, 80, 272, 274]",2,86
"[3, 71, 80, 272]",1,266
"[3, 71, 80, 272]",2,267
"[3, 71, 80, 88, 174, 272]",1,8
"[3, 71, 80, 88, 174, 272]",2,4
"[3, 71, 83, 191]",1,19
"[3, 71, 83, 191]",2,7
"[3, 71, 83, 192]",1,483
"[3, 71, 83, 192]",2,319
"[3, 71, 83, 193]",1,485
"[3, 71, 83, 193]",2,372
"[3, 71, 84, 174]",1,425
"[3, 71, 84, 174]",2,359
"[3, 71, 84, 88, 174]",1,80
"[3, 71, 84, 88, 174]",2,53
"[3, 71, 84, 91, 174, 275]",1,20
"[3, 71, 84, 91, 174, 275]",2,27
"[3, 71, 84, 91, 174, 276]",1,16
"[3, 71, 84, 91, 174, 276]",2,16
"[3, 71, 85, 176]",1,380
"[3, 71, 85, 176]",2,365
"[3, 71, 86, 174, 175, 178]",1,79
"[3, 71, 86, 174, 175, 178]",2,65
"[3, 71, 86, 178, 655]",1,239
"[3, 71, 86, 178, 655]",2,196
"[3, 71, 86, 178]",1,2776
"[3, 71, 86, 178]",2,2473
"[3, 71, 86, 89, 178, 271]",1,26
"[3, 71, 86, 89, 178, 271]",2,10
"[3, 71, 86, 90, 94, 178, 272, 278]",1,52
"[3, 71, 86, 90, 94, 178, 272, 278]",2,96
"[3, 71, 86, 98, 178, 195]",2,0
"[3, 71, 87, 100, 176, 189]",1,25
"[3, 71, 87, 100, 176, 189]",2,30
"[3, 71, 87, 176]",1,273
"[3, 71, 87, 176]",2,307
"[3, 71, 88, 174]",1,562
"[3, 71, 88, 174]",2,477
"[3, 71, 89, 271]",1,1361
"[3, 71, 89, 271]",2,1064
"[3, 71, 89, 97, 271, 279]",1,64
"[3, 71, 89, 97, 271, 279]",2,52
"[3, 71, 90, 272, 273]",1,27
"[3, 71, 90, 272, 273]",2,17
"[3, 71, 90, 272]",1,576
"[3, 71, 90, 272]",2,668
"[3, 71, 90, 94, 272, 278]",1,85
"[3, 71, 90, 94, 272, 278]",2,142
"[3, 71, 91, 1182]",1,2
"[3, 71, 91, 1182]",2,2
"[3, 71, 91, 275]",1,425
"[3, 71, 91, 275]",2,143
"[3, 71, 91, 276]",1,64
"[3, 71, 91, 276]",2,5
"[3, 71, 91, 277]",1,48
"[3, 71, 91, 277]",2,60
"[3, 71, 92, 278]",1,450
"[3, 71, 92, 278]",2,437
"[3, 71, 92, 93, 94, 95, 278]",1,16
"[3, 71, 92, 93, 94, 95, 278]",2,10
"[3, 71, 92, 95, 278]",1,10
"[3, 71, 92, 95, 278]",2,4
"[3, 71, 93, 278]",1,376
"[3, 71, 93, 278]",2,362
"[3, 71, 94, 278]",1,421
"[3, 71, 94, 278]",2,500
"[3, 71, 95, 278]",1,759
"[3, 71, 95, 278]",2,809
"[3, 71, 95, 99, 278, 1185]",1,44
"[3, 71, 95, 99, 278, 1185]",2,41
"[3, 71, 95, 99, 278, 283]",1,19
"[3, 71, 95, 99, 278, 283]",2,19
"[3, 71, 95, 99, 278, 284]",1,69
"[3, 71, 95, 99, 278, 284]",2,69
"[3, 71, 96, 278]",1,18
"[3, 71, 96, 278]",2,18
"[3, 71, 97, 1651]",1,40
"[3, 71, 97, 1651]",2,36
"[3, 71, 97, 279]",1,1051
"[3, 71, 97, 279]",2,916
"[3, 71, 97, 280]",1,378
"[3, 71, 97, 280]",2,378
"[3, 71, 97, 281]",1,108
"[3, 71, 97, 281]",2,106
"[3, 71, 97, 282]",1,339
"[3, 71, 97, 282]",2,253
"[3, 71, 98, 100, 189, 195]",1,8
"[3, 71, 98, 100, 189, 195]",2,3
"[3, 71, 98, 1184]",1,134
"[3, 71, 98, 1184]",2,127
"[3, 71, 98, 195, 198, 209]",1,14
"[3, 71, 98, 195, 198, 209]",2,25
"[3, 71, 98, 195]",1,1375
"[3, 71, 98, 195]",2,1431
"[3, 71, 98, 196]",1,73
"[3, 71, 98, 196]",2,79
"[3, 71, 98, 197]",1,510
"[3, 71, 98, 197]",2,597
"[3, 71, 98, 198]",1,362
"[3, 71, 98, 198]",2,376
"[3, 71, 98, 199]",1,65
"[3, 71, 98, 199]",2,57
"[3, 71, 98, 209]",1,1432
"[3, 71, 98, 209]",2,1507
"[3, 71, 99, 283, 284]",1,44
"[3, 71, 99, 283, 284]",2,85
"[3, 71, 99, 283]",1,72
"[3, 71, 99, 283]",2,80
"[3, 71, 99, 284]",1,85
"[3, 71, 99, 284]",2,83
